name (mandatory),description (mandatory),price (mandatory),originalPrice (mandatory),category (mandatory),subcategory (optional),brand (mandatory),model (optional),partNumber (optional),stock (optional),leadTime (optional),keywords (optional),featured (optional),badge (optional),image (optional),images (optional),specs (optional),isActive (optional)
"Siemens SIMATIC S7-1200 PLC","Compact programmable logic controller for small to medium automation tasks. Features integrated PROFINET interface, onboard I/O, and support for IEC 61131-3 programming languages. Ideal for machine control, process automation, and motion control applications.",485,560,Automation,PLCs,Siemens,6ES7214-1AG40-0XB0,6ES7214-1AG40-0XB0,28,2–3 days,"plc, siemens, simatic, automation, profinet",true,Bestseller,/techedgemarket_ecommerce/products/PLC/SIE-S7-1200-1211C_large.webp,"[""/techedgemarket_ecommerce/products/PLC/SIE-S7-1200-1211C_large.webp"", ""/techedgemarket_ecommerce/products/PLC/siemens-simatic-s7-1200-plc-1000x1000.webp""]","{""CPU"":""CPU 1214C DC/DC/DC"",""Work Memory"":""100 KB"",""Digital I/O"":""14 DI / 10 DO"",""Analog I/O"":""2 AI"",""Communication"":""PROFINET, RS485"",""Supply Voltage"":""24 VDC""}",true
"ABB ACS880 Variable Speed Drive 11kW","Industrial all-compatible drive for demanding applications. Built-in safety functions (STO, SS1), adaptive programming, and direct torque control for precise motor management across heavy industries.",1240,,Drives & Motors,Variable Speed Drives,ABB,ACS880-01-025A-3,ACS880-01-025A-3,14,3–5 days,"vfd, abb, drive, motor, 11kw",true,New,,,"[""/techedgemarket_ecommerce/products/PLC/ABB-1.webp"", ""/techedgemarket_ecommerce/products/PLC/ABB-2.webp""]","{""Power"":""11 kW"",""Input Voltage"":""380–480 V AC, 3-phase"",""Output Current"":""25 A"",""Control Method"":""Direct Torque Control (DTC)"",""Protection"":""IP21"",""Safety"":""STO (Safe Torque Off)""}",true
"Schneider Masterpact NW 800A MCCB","Air circuit breaker for LV power distribution. Provides overload, short-circuit, and earth fault protection. Micrologic trip unit with advanced metering and communication via Modbus.",3280,3900,Switchgear,Circuit Breakers,Schneider Electric,NW08H1-800A-3P,NW08H1-800A-3P,6,7–10 days,"mccb, schneider, switchgear, circuit breaker, 800a",true,Sale,/techedgemarket_ecommerce/products/PLC/schneider.webp,,,"{""Rated Current"":""800 A"",""Poles"":""3P"",""Breaking Capacity"":""66 kA @ 415V"",""Trip Unit"":""Micrologic 2.0 A"",""Communication"":""Modbus RTU"",""Standard"":""IEC 60947-2""}",true
"Omron CJ2M CPU31 PLC Module","High-performance modular PLC CPU with EtherNet/IP port. Suited for high-speed counting, motion control, and complex process logic. Scalable I/O architecture.",620,,Automation,PLCs,Omron,CJ2M-CPU31,CJ2M-CPU31,19,3–5 days,"plc, omron, cj2m, ethernet/ip, automation",false,,,/techedgemarket_ecommerce/products/PLC/sick.webp,,,"{""Program Capacity"":""20 K steps"",""I/O Points"":""Up to 2560"",""Built-in Ports"":""USB, EtherNet/IP"",""Execution Speed"":""0.04 µs / instruction"",""Supply Voltage"":""24 VDC""}",true
"Eaton xEnergy HVL Load-Break Switch 630A","HV load-break switch for medium voltage switchgear panels. Designed for reliable switching of HV lines up to 36 kV. Compact design for space-saving MV distribution boards.",4750,,Switchgear,Load Break Switches,Eaton,HVL/R-630A-36kV,HVL/R-630A-36kV,4,14–21 days,"switchgear, eaton, mv, load break, 630a",false,,,https://images.unsplash.com/photo-1565193566173-7a0ee3dbe261?w=600&q=80,,,"{""Rated Voltage"":""36 kV"",""Rated Current"":""630 A"",""Breaking Capacity"":""630 A"",""Insulation Medium"":""SF6-free, Air"",""Standard"":""IEC 62271-103""}",true
"Sick S300 Safety Laser Scanner","Compact safety laser scanner for machine guarding and AGV navigation. Protective field up to 3 m, warning field up to 50 m. OSSD outputs, PROFINET interface.",2100,2450,Safety Systems,Safety Scanners,SICK,S30A-6011DA,S30A-6011DA,9,5–7 days,"safety, scanner, sick, laser, agv, machine guarding",true,Sale,https://images.unsplash.com/photo-1581092160562-40aa08e78837?w=600&q=80,,,"{""Protective Field"":""Up to 3 m radius"",""Warning Field"":""Up to 50 m"",""Response Time"":""40 ms"",""Interface"":""PROFINET IO, OSSD"",""Safety Category"":""Cat.3 PLd / SIL2"",""Protection"":""IP65""}",true
"CX Series 4.3"" HMI in Build PLC","Compact HMI with integrated PLC functionality. Features 4.3"" TFT LCD display, RS-485 communication, 12/12 I/O points. Panel mount design ideal for machine interfaces and small automation systems.",13000,,HMI & PLC,HMI with PLC,Cautoni-Swastik,CX Series,CX Series,50,2-3 days,"hmi, plc, cautoni, swastik, 4.3 inch, panel mount, rs485",false,,,https://5.imimg.com/data5/SELLER/Default/2024/3/401562418/AJ/OD/FD/2349477/whatsapp-image-2024-02-28-at-2-40-08-pm-2-500x500.jpeg,"[""https://5.imimg.com/data5/SELLER/Default/2024/3/401562418/AJ/OD/FD/2349477/whatsapp-image-2024-02-28-at-2-40-08-pm-2-500x500.jpeg"", ""https://5.imimg.com/data5/SELLER/Default/2024/3/401562429/TN/GO/AU/2349477/whatsapp-image-2024-02-28-at-2-40-08-pm-1-500x500.jpeg"", ""https://5.imimg.com/data5/SELLER/Default/2024/3/401562424/CO/RG/XN/2349477/whatsapp-image-2024-02-28-at-2-40-08-pm-500x500.jpeg""]","{""Display Type"":""TFT LCD"",""Display Size"":""4.3 inch"",""I/O Points"":""12 DI / 12 DO"",""Communication"":""RS-485"",""Output Type"":""Digital"",""Mounting"":""Panel Mount""}",true
"Single Dual Channel Data Logger","Versatile 2/4/6/8 channel data logger with RTD/PT-100 input. Dual display shows process value and channel number. 4GB SD card logging with 1-999 min log rate. 0.5% accuracy, 0-400C range.",11875,,Data Loggers,Temperature Data Loggers,Swastik,PLC-960,PLC-960,50,Immediate,"data logger, swastik, temperature, pressure, humidity, usb, sd card",false,,,https://5.imimg.com/data5/SELLER/Default/2026/5/607209997/YO/DV/HX/2349477/single-dual-channel-data-logger-500x500.png,"[""https://5.imimg.com/data5/SELLER/Default/2026/5/607209997/YO/DV/HX/2349477/single-dual-channel-data-logger-500x500.png"", ""https://5.imimg.com/data5/SELLER/Default/2026/5/607209988/VU/UW/PU/2349477/single-dual-channel-data-logger-500x500.png"", ""https://5.imimg.com/data5/SELLER/Default/2026/5/607210015/LJ/NN/JC/2349477/single-dual-channel-data-logger-500x500.png"", ""https://5.imimg.com/data5/SELLER/Default/2026/5/607210023/IX/CU/YB/2349477/single-dual-channel-data-logger-500x500.png""]","{""Channels"":""2/4/6/8 Channel"",""Input"":""RTD/PT-100-3W"",""Range"":""0-400 C"",""Logging"":""4 GB external SD card"",""Log Rate"":""1-999 Min"",""Display"":""Dual Display"",""Accuracy"":""0.5%"",""Size"":""96x96 mm"",""Supply"":""230 VAC +/-10%, 50 Hz"",""Connectivity"":""USB""}",true
"Universal Digital Timer UT-4821","Multi-function universal digital timer with dual display. Selectable modes: Laundry/Cycle/Preset/On-delay. 2 setpoint relay outputs. Programmable up/down counting with memory option.",1552,,Timers & Counters,Digital Timers,Swastik,UT-4821,UT-4821,50,Immediate,"timer, digital, universal, swastik, dual display, programmable",false,,,https://5.imimg.com/data5/SELLER/Default/2023/4/297810653/DU/WG/GG/2349477/programmable-digital-timer-500x500.jpeg,"[""https://5.imimg.com/data5/SELLER/Default/2023/4/297810653/DU/WG/GG/2349477/programmable-digital-timer-500x500.jpeg"", ""https://5.imimg.com/data5/SELLER/Default/2023/4/298030754/UU/RH/SN/2349477/programmable-digital-timer-500x500.JPG"", ""https://5.imimg.com/data5/GLADMIN/Default/2023/4/298302448/TF/TM/UG/2349477/programmable-digital-timer-500x500.jpg""]","{""Operating Voltage"":""90 to 270 V AC"",""Timing Capacity"":""99.59 Hr-Min"",""Range"":""9.999/99.99/999.9/99.59/9999 sec/min/hr"",""Mode"":""Laundry/Cycle/Preset/On-delay selectable"",""Output"":""2 setpoint, 2 Relay (1 c/o)"",""Display"":""Dual Display"",""Reset"":""Front/Back Reset"",""Counting"":""Up/Down Programmable"",""Memory"":""Selectable memory option""}",true
"Three Phase Digital Energy Meter EM-96","CT operated digital energy meter with kWh/kVArh function. 3x230/400V rating, 5A CT. 96x96 panel mount design. Perfect for industrial panel making systems.",1713,,Panel Meters,Energy Meters,Swastik,EM-96,EM-96,50,Immediate,"energy meter, kwh, three phase, swastik, ct operated, panel mount",false,,,https://5.imimg.com/data5/SELLER/Default/2026/5/607114871/OX/BF/WB/2349477/three-phase-digital-energy-meter-500x500.png,"[""https://5.imimg.com/data5/SELLER/Default/2026/5/607114871/OX/BF/WB/2349477/three-phase-digital-energy-meter-500x500.png"", ""https://5.imimg.com/data5/SELLER/Default/2026/5/607115048/YA/JM/RV/2349477/three-phase-digital-energy-meter-500x500.png""]","{""Meter Type"":""CT Operated"",""Current Rating"":""5A CT"",""Function Type"":""kWh kVArh"",""Voltage Rating"":""3x230/400 V"",""Screen Size"":""96x96"",""Operating Temperature"":""60 C"",""Mounting Type"":""Panel Mount"",""Type"":""Digital""}",true
