name,description,price,originalPrice,category,subcategory,brand,model,partNumber,stock,rating,featured,badge,leadTime,keywords,image,specs
Siemens SIMATIC S7-1200 PLC,"Compact programmable logic controller for small to medium automation tasks. Features integrated PROFINET interface, onboard I/O, and support for IEC 61131-3 programming languages. Ideal for machine control, process automation, and motion control applications.",485,560,Automation,PLCs,Siemens,6ES7214-1AG40-0XB0,6ES7214-1AG40-0XB0,28,4.9,true,Bestseller,2–3 days,plc; siemens; simatic; automation; profinet,/techedgemarket_ecommerce/products/PLC/SIE-S7-1200-1211C_large.webp,"CPU: CPU 1214C DC/DC/DC | Work Memory: 100 KB | Digital I/O: 14 DI / 10 DO | Analog I/O: 2 AI | Communication: PROFINET, RS485 | Supply Voltage: 24 VDC"
ABB ACS880 Variable Speed Drive 11kW,"Industrial all-compatible drive for demanding applications. Built-in safety functions (STO, SS1), adaptive programming, and direct torque control for precise motor management across heavy industries.",1240,,Drives & Motors,Variable Speed Drives,ABB,ACS880-01-025A-3,ACS880-01-025A-3,14,4.8,true,New,3–5 days,vfd; abb; drive; motor; 11kw,/techedgemarket_ecommerce/products/PLC/ABB-1.webp,"Power: 11 kW | Input Voltage: 380–480 V AC, 3-phase | Output Current: 25 A | Control Method: Direct Torque Control (DTC) | Protection: IP21 | Safety: STO (Safe Torque Off)"
Schneider Masterpact NW 800A MCCB,"Air circuit breaker for LV power distribution. Provides overload, short-circuit, and earth fault protection. Micrologic trip unit with advanced metering and communication via Modbus.",3280,3900,Switchgear,Circuit Breakers,Schneider Electric,NW08H1-800A-3P,NW08H1-800A-3P,6,4.9,true,Sale,7–10 days,mccb; schneider; switchgear; circuit breaker; 800a,/techedgemarket_ecommerce/products/PLC/schneider.webp,Rated Current: 800 A | Poles: 3P | Breaking Capacity: 66 kA @ 415V | Trip Unit: Micrologic 2.0 A | Communication: Modbus RTU | Standard: IEC 60947-2
Omron CJ2M CPU31 PLC Module,"High-performance modular PLC CPU with EtherNet/IP port. Suited for high-speed counting, motion control, and complex process logic. Scalable I/O architecture.",620,,Automation,PLCs,Omron,CJ2M-CPU31,CJ2M-CPU31,19,4.7,false,,3–5 days,plc; omron; cj2m; ethernet/ip; automation,/techedgemarket_ecommerce/products/PLC/sick.webp,"Program Capacity: 20 K steps | I/O Points: Up to 2560 | Built-in Ports: USB, EtherNet/IP | Execution Speed: 0.04 µs / instruction | Supply Voltage: 24 VDC"
Eaton xEnergy HVL Load-Break Switch 630A,HV load-break switch for medium voltage switchgear panels. Designed for reliable switching of HV lines up to 36 kV. Compact design for space-saving MV distribution boards.,4750,,Switchgear,Load Break Switches,Eaton,HVL/R-630A-36kV,HVL/R-630A-36kV,4,4.8,false,,14–21 days,switchgear; eaton; mv; load break; 630a,https://images.unsplash.com/photo-1565193566173-7a0ee3dbe261?w=600&q=80,"Rated Voltage: 36 kV | Rated Current: 630 A | Breaking Capacity: 630 A | Insulation Medium: SF6-free, Air | Standard: IEC 62271-103"
Sick S300 Safety Laser Scanner,"Compact safety laser scanner for machine guarding and AGV navigation. Protective field up to 3 m, warning field up to 50 m. OSSD outputs, PROFINET interface.",2100,2450,Safety Systems,Safety Scanners,SICK,S30A-6011DA,S30A-6011DA,9,4.9,true,Sale,5–7 days,safety; scanner; sick; laser; agv; machine guarding,https://images.unsplash.com/photo-1581092160562-40aa08e78837?w=600&q=80,"Protective Field: Up to 3 m radius | Warning Field: Up to 50 m | Response Time: 40 ms | Interface: PROFINET IO, OSSD | Safety Category: Cat.3 PLd / SIL2 | Protection: IP65"
Fluke 435-II Power Quality Analyser,"Three-phase power quality and energy analyser. Measures power, harmonics, flicker, unbalance, and transients. 500 Hz bandwidth. Ideal for troubleshooting and energy audits.",3450,,Sensors & Instrumentation,Power Analysers,Fluke,435-II,4352979,5,4.9,false,,7–10 days,power quality; fluke; analyser; energy; harmonics,https://images.unsplash.com/photo-1581092160562-40aa08e78837?w=600&q=80,"Phases: 3-phase + neutral | Bandwidth: 500 Hz (10th harmonic) | Voltage: Up to 1000 V AC | Current: With clamps: 6000 A | Memory: 8 MB internal | Standards: EN 50160, IEC 61000-4-30"
Mitsubishi MELSEC iQ-R Series PLC R08CPU,"High-speed modular PLC with nanosecond-level processing. Supports motion control, safety, C language, and multiple field networks. Ideal for automotive and semiconductor manufacturing.",1380,,Automation,PLCs,Mitsubishi,R08CPU,R08CPU,11,4.9,true,Premium,5–7 days,plc; mitsubishi; melsec; iq-r; high-speed,https://images.unsplash.com/photo-1518770660439-4636190af475?w=600&q=80,"Program Memory: 320 K steps | Scan Speed: 0.98 ns / instruction | I/O Points: 4096 max | Networks: CC-Link IE, PROFINET, EtherNet/IP | USB Port: USB 2.0"
ABB S804PV-S125 DC Circuit Breaker 125A,"DC circuit breaker for solar PV and battery storage systems. Suitable for 1000 V DC systems. UL489B listed. Two-pole, snap-on DIN rail mount.",310,370,Switchgear,DC Circuit Breakers,ABB,S804PV-S125,2CCS884001R0845,33,4.7,false,Sale,2–3 days,dc breaker; abb; solar; pv; 125a,https://images.unsplash.com/photo-1565193566173-7a0ee3dbe261?w=600&q=80,"Rated Current: 125 A | Voltage: 1000 V DC | Poles: 2 | Breaking Capacity: 10 kA | Mounting: DIN Rail 35 mm | Standard: IEC 60947-2, UL 489B"
"CX Series 4.3"" HMI in Build PLC","Compact HMI with integrated PLC functionality. Features 4.3"" TFT LCD display, RS-485 communication, 12/12 I/O points. Panel mount design ideal for machine interfaces and small automation systems.",13000,,HMI & PLC,HMI with PLC,Cautoni-Swastik,CX Series,CX Series,50,4.5,false,,2-3 days,hmi; plc; cautoni; swastik; 4.3 inch; panel mount; rs485,https://5.imimg.com/data5/SELLER/Default/2024/3/401562418/AJ/OD/FD/2349477/whatsapp-image-2024-02-28-at-2-40-08-pm-2-500x500.jpeg,Display Type: TFT LCD | Display Size: 4.3 inch | I/O Points: 12 DI / 12 DO | Communication: RS-485 | Output Type: Digital | Mounting: Panel Mount
"10"" HMI in Built PLC",Large 10-inch HMI with integrated PLC. High resolution 1024x768 touch screen display. Panel mount design suitable for complex automation interfaces and SCADA-like applications.,30010,,HMI & PLC,HMI with PLC,Cautoni-Swastik,10-HMI-PLC,10-HMI-PLC,50,4.5,true,New,4-5 days,hmi; plc; cautoni; swastik; 10 inch; touch screen; panel mount,https://5.imimg.com/data5/SELLER/Default/2024/3/401593210/JY/BU/GJ/2349477/10-hmi-in-built-plc-500x500.jpeg,Display Size: 10 inch | Resolution: 1024x768 Pixels | Control Type: Touch Screen | Mounting: Panel Mount
4.3 Inch PLC HMI Combo Unit,"Combined PLC and HMI unit with 4.3-inch capacitive touch screen. 65K display colors, RS485 port, 24V operation. Compact 164x129x43 mm design for space-constrained installations.",15000,,HMI & PLC,HMI with PLC,Cautoni-Swastik,PLC-HMI-4.3,PLC-HMI-4.3,50,4.5,false,,2-3 days,hmi; plc; combo; cautoni; swastik; 4.3 inch; capacitive touch,https://5.imimg.com/data5/SELLER/Default/2024/3/401562424/CO/RG/XN/2349477/whatsapp-image-2024-02-28-at-2-40-08-pm-500x500.jpeg,Display Size: 4.3 inch | Resolution: 800x480 Pixels | Touch Screen: Capacitive | Display Colors: 65K | Voltage: 24 VDC | Port Type: RS485 | Dimension: 164x129x43 mm | Mounting: Panel Mount
Single Dual Channel Data Logger,"Versatile 2/4/6/8 channel data logger with RTD/PT-100 input. Dual display shows process value and channel number. 4GB SD card logging with 1-999 min log rate. 0.5% accuracy, 0-400C range.",11875,,Data Loggers,Temperature Data Loggers,Swastik,PLC-960,PLC-960,50,4.5,false,,Immediate,data logger; swastik; temperature; pressure; humidity; usb; sd card,https://5.imimg.com/data5/SELLER/Default/2026/5/607209997/YO/DV/HX/2349477/single-dual-channel-data-logger-500x500.png,"Channels: 2/4/6/8 Channel | Input: RTD/PT-100-3W | Range: 0-400 C | Logging: 4 GB external SD card | Log Rate: 1-999 Min | Display: Dual Display | Accuracy: 0.5% | Size: 96x96 mm | Supply: 230 VAC +/-10%, 50 Hz | Connectivity: USB"
Paperless Data Logger SPR-600,"Full-featured paperless data logger with 4.3"" TFT display. Universal input support, 6/12/18 channels. Flash memory and USB pen drive support. RS-485, printer, and SD card output options.",30000,,Data Loggers,Paperless Recorders,Cautoni-Swastik,SPR-600,SPR-600,50,4.5,true,Premium,2 days,data logger; paperless; recorder; swastik; cautoni; tft; modbus,https://5.imimg.com/data5/YR/VJ/MY-2349477/paperless-data-logger-2f-recorder-500x500.png,"Display: 4.3 Inch TFT | Channels: 6/12/18 Channel | Dimension: 96x96 mm | Power Supply: 85V AC to 285V AC (SMPS) | Memory: Flash memory / USB pen drive | Accuracy: 0.1% in temperature/RH | Interface: RS-485, Printer, SD Card | Export Format: PDF / Excel"
Universal Digital Timer UT-4821,Multi-function universal digital timer with dual display. Selectable modes: Laundry/Cycle/Preset/On-delay. 2 setpoint relay outputs. Programmable up/down counting with memory option.,1552,,Timers & Counters,Digital Timers,Swastik,UT-4821,UT-4821,50,4.5,false,,Immediate,timer; digital; universal; swastik; dual display; programmable,https://5.imimg.com/data5/SELLER/Default/2023/4/297810653/DU/WG/GG/2349477/programmable-digital-timer-500x500.jpeg,"Operating Voltage: 90 to 270 V AC | Timing Capacity: 99.59 Hr-Min | Range: 9.999/99.99/999.9/99.59/9999 sec/min/hr | Mode: Laundry/Cycle/Preset/On-delay selectable | Output: 2 setpoint, 2 Relay (1 c/o) | Display: Dual Display | Reset: Front/Back Reset | Counting: Up/Down Programmable | Memory: Selectable memory option"
Digital Sequential Timer SST-968,"4-channel and 8-channel digital sequential timer for starter/control panel applications. ABS plastic body, panel mounting. Suitable for textile, process industry, and offset printing machinery.",4200,,Timers & Counters,Sequential Timers,Swastik,SST-968,SST-968,50,4.5,false,,Immediate,timer; sequential; digital; swastik; 4 channel; 8 channel,https://5.imimg.com/data5/SELLER/Default/2026/5/609600809/NJ/AI/JJ/2349477/digital-sequential-timer-500x500.png,Channels: 4 channel & 8 channel | Voltage: 230 V AC | Frequency: 50 to 60 Hz | Dimension: 96x96 mm | Material: ABS Plastic body | Range: 9.999/99.99/999.9/9999/99.59 sec/min/hr | Lower Display: Channel number | Mounting: Panel mounting
Digital Thumbwheel Timer STW,"Panel mount thumbwheel timer with on-delay operation. 1-99 min time range, 2 C/O output contacts. Available in 96x96, 72x72, 48x48, 48x96 sizes. Rust-resistant ABS plastic body.",1389,,Timers & Counters,Thumbwheel Timers,Swastik,STW,STW,50,4.5,false,,Immediate,timer; thumbwheel; digital; swastik; on delay; panel mount,https://5.imimg.com/data5/SELLER/Default/2026/3/590123609/YZ/HB/AN/2349477/digital-thumbwheel-timer-500x500.png,Time Range: 1 min to 99 min | Supply Voltage: 230 V AC | Output Contact: 2 C/O | Operation Mode: On delay | Setting: By Thumbwheel | Size: 96x96 / 72x72 / 48x48 / 48x96 | Material: ABS plastic Body | Display: Single Display | Max Current: 10A
Universal Timer Single Display UT-481,3-digit single display universal timer with preset and cyclic modes. Wide time range 0.1 sec to 999 Hr. NPN/PNP proximity and micro switch input. Front/back reset selectable.,1319,,Timers & Counters,Digital Timers,Swastik,UT-481,UT-481,50,4.5,false,,Immediate,timer; universal; single display; swastik; preset; cyclic,https://5.imimg.com/data5/SELLER/Default/2021/10/NJ/CN/EW/2349477/universal-timer-single-display-500x500.jpeg,Display Type: LED 3-Digit | Timing Capacity: 0.1 sec to 999 Hr | Operation Mode: Preset mode & Cyclic mode | Input: NPN/PNP Proximity & Micro switch | Output: Single Relay OR SSR | Reset: Front/Back reset | Memory: Selectable memory option | Phase: Single Phase | Frequency: 50 to 60 Hz
Digital Thumbwheel Timer Multi-Function STW-U,"Multi-function digital timer with thumbwheel setting. 3/4/5 digit display with timing capacity up to 999 hours. Available in all standard sizes. Rust-resistant, smooth finish.",1368,,Timers & Counters,Thumbwheel Timers,Swastik,STW-U,STW-U,50,4.5,false,,Immediate,timer; thumbwheel; multi-function; swastik; digital,https://5.imimg.com/data5/SELLER/Default/2023/4/300358415/SU/YM/TU/2349477/multi-function-digital-timer-with-thumb-wheel-500x500.JPG,Display Digit: 3/4/5 digit | Timing Capacity: 9.99/99.9/999 sec/min/hour | Mounting: Flush panel Mounting | Phase: Single Phase | Automation Grade: Automatic
BOD Incubators Temperature Controller,Programmable BOD controller with PID control and RTD input. SSR output with heating + cooling. Compact 24x48 mm size designed for laboratory incubators and scientific instruments.,3500,,Temperature Controllers,PID Controllers,Swastik,BOD-Card,BOD-Card,50,4.5,false,,Immediate,temperature controller; bod; incubator; pid; swastik; laboratory,https://5.imimg.com/data5/SELLER/Default/2026/5/607110418/BS/TE/GO/2349477/bod-incubators-temperature-controller-500x500.png,"Control Type: PID | Input Type: RTD | Output Type: SSR, Heating + Cooling | Size: 24x48 mm | Supply Voltage: 230 V AC | Display Type: Single Display | Control Outputs: 2 Output | Automation Grade: Semi Automatic"
Digital Temperature Indicator STI-491,"4-digit single display temperature indicator with thermocouple and RTD input. +/-0.5% accuracy, 0.1C resolution for PT-100. Available in 96x96, 72x72, 48x96, 48x48 sizes.",954,,Panel Meters,Temperature Indicators,Swastik,STI-491,STI-491,50,4.5,false,,Immediate,temperature indicator; digital; thermocouple; rtd; swastik; panel meter,https://5.imimg.com/data5/SELLER/Default/2022/9/CR/AX/WQ/2349477/digital-temperature-indicator-500x500.jpeg,"Function: Indicator Only | Input Type: Thermocouple + RTD | Input: J/K/R/S type TC, PT-100/2W-3W, PT-1000 | Display Type: 4 Digit Red Single Seven Segment | Range: -50 C to 1600 C | Accuracy: +/-0.5% C | Resolution: 0.1 C for PT-100, 1 C for T/C | Supply Voltage: 230 VAC | Size: 48x96 (multiple sizes available)"
Digital Count Totalizer DCT-961,"6-digit digital count totalizer with proximity/NPN/PNP sensor input. High-speed counting with non-volatile memory. Front/back reset. Available in 95x95, 72x72, 48x96 sizes.",1010,,Timers & Counters,Digital Counters,Swastik,DCT-961,DCT-961,50,4.5,false,,Immediate,counter; totalizer; digital; swastik; 6 digit; proximity,https://5.imimg.com/data5/SELLER/Default/2026/5/607199547/OY/GS/GQ/2349477/digital-count-totalizer-500x500.png,Display: 6 digit seven segment red | Count Range: 0-999999 | Input: Proximity/photocell/potential free contact/24VDC pulse/250VAC pulse | Accuracy: +0.01% | Reset: Front/Back Reset | Mode: Up counting | Memory: Non Volatile | Supply: 230 VAC | Sensor Type: Proximity/NPN/PNP
Digital Count Totaliser DCT-491,6-digit single display RED LED counter/totalizer. NPN/PNP/photocell/encoder input. Non-volatile memory with 0.01% accuracy. Available in multiple panel sizes.,1010,,Timers & Counters,Digital Counters,Swastik,DCT-491,DCT-491,50,4.5,false,,Immediate,counter; totaliser; stroke counter; swastik; 6 digit; encoder,https://5.imimg.com/data5/SELLER/Default/2021/10/LW/RP/VO/2349477/digital-stroke-counter-500x500.jpeg,Display: 6 Digit Single RED LED | Range: 0-999999 Count | Sensor: Proximity/Photocell/Encoder | Voltage: 230V AC / Pulse on request / 24VDC | Memory: Non Volatile | Accuracy: 0.01% | Mounting: Flush panel Mounting | Size: 96x96/48x96/72x72/29x56/36x72
Digital Preset Counters PC-961,"4-digit dual display preset counter with proximity/photocell/encoder input. Up/down counting with auto/manual reset. 0-300 Hz frequency, 1 relay output.",1652,,Timers & Counters,Digital Counters,Swastik,PC-961,PC-961,50,4.5,false,,Immediate,counter; preset; digital; swastik; dual display; up down,https://5.imimg.com/data5/SELLER/Default/2021/10/QO/CG/DW/2349477/preset-counter-500x500.jpeg,"Display: 4 digit dual display | Range: 0-9999 count | Input: Proximity/photocell/encoder/potential free contact/24VDC pulse | Accuracy: +0.01% | Frequency: 0-300 Hz | Output: 1 relay | Counting: Up/Down | Reset: Front/Back | Supply: 230 VAC | Size: 96x96, 72x72, 48x48"
Digital Batch Counter BC-961,"6+4 digit dual display batch counter with relay/buzzer output. Upper display shows count, lower shows RPM. NPN/PNP sensor input. Suitable for packaging, plastic, pharmaceutical industries.",1732,,Timers & Counters,Digital Counters,Swastik,BC-961,BC-961,50,4.5,false,,Immediate,counter; batch; digital; swastik; dual display; rpm,https://5.imimg.com/data5/SELLER/Default/2026/5/607211457/JD/AY/BZ/2349477/digital-batch-counter-500x500.png,"Display: Dual (upper: Count / lower: RPM) | Display Digit: 6 + 4 digit | Input: Proximity/Photocell/encoder/potential free contact | Sensor: NPN/PNP | Output: Relay/Buzzer | Counting: Up/Down | Memory: Non-Volatile | Size: 72x72, 96x96 mm | Mounting: Panel"
Digital Length Counter LC-961,Dual display 6D (upper) 4D (lower) length counter with diameter entry scale factor. Proximity/photocell/encoder input. Relay/buzzer output for length measurement applications.,1646,,Timers & Counters,Digital Counters,Swastik,LC-961,LC-961,50,4.5,false,,Immediate,counter; length; digital; swastik; dual display; measurement,https://5.imimg.com/data5/SELLER/Default/2023/4/298115828/FM/XK/HA/2349477/lc-length-counter-500x500.JPG,Display: Dual display 6D (upper) 4D (lower) | Input: Proximity/Photocell/encoder/potential free contact | Sensor: NPN/PNP | Scale Factor: Diameter Entry | Counting: Up | Output: Relay/Buzzer | Size: 96x96 / 72x72 mm | Mounting: Flush panel mounting | Material: ABS Plastic Body
Digital Counter Meter STW-C,"3/4/5 digit thumbwheel counter meter with non-volatile memory. Proximity, photocell, encoder, or potential free contact input. Available in all standard panel sizes.",1694,,Timers & Counters,Digital Counters,Swastik,STW-C,STW-C,50,4.5,false,,Immediate,counter; thumbwheel; digital; swastik; meter,https://5.imimg.com/data5/SELLER/Default/2023/4/299554852/HN/FP/FR/2349477/digital-counter-meter-500x500.JPG,"Display: Single display 3/4/5 digit | Setting: by Thumbwheel | Function: 3/4/5 Digit Counter | Memory: Non-Volatile | Count: 0-999 / 0-9999 / 0-99999 | Sensor: Proximity, photocell, encoder, potential free contact | Size: 96x96 / 72x72 / 48x96 / 48x48 mm"
Digital Tablet Counters TBC-961,8-digit total tablet counter with 4-digit rate display. Rotary station selection. Developed specifically for pharmaceutical industry tablet counting applications.,2634,,Timers & Counters,Digital Counters,Swastik,TBC-961,TBC-961,50,4.5,false,,Immediate,counter; tablet; pharmaceutical; swastik; dual display,https://5.imimg.com/data5/SELLER/Default/2021/10/DS/OQ/TP/2349477/tbc-tablet-counter-500x500.jpeg,Capacity: 0-99999999 | Display: Dual Display | Upper Display: 8 digit (total tablet counting) | Lower Display: 4 digit (rate of tablet) | Station Selection: Rotary | Size: 96x96 mm | Application: Pharmaceutical Industry
Jumbo Display Indicator PI-4041,"Jumbo display counter with 4-inch digit height. Red LED display, temperature/RH/analog input. Wall mount, RS485 communication. 4/5 digit double display for industrial counting.",8780,,Process Indicators,Jumbo Displays,Swastik,PI-4041,PI-4041,50,4.5,false,,Immediate,jumbo display; counter; wall mount; swastik; 4 inch; rs485,https://5.imimg.com/data5/SELLER/Default/2026/5/609602598/MR/CD/WV/2349477/jumbo-display-indicator-500x500.png,"Digit Height: 4 inch | Display Type: Red LED | Input Type: Temperature / RH / Analog | Mounting: Wall Mount | No. of Digits: 4 Digit (Double, 4/5 Digit) | Communication: RS485 | Size: Jumbo 4 / 2 Inch | Counting Range: 0-9999 | Frequency: 50/60 Hz"
Jumbo Process Indicator PI-4042-2,"4-inch jumbo display process indicator with 4-20mA input. Wall mounting with metal powder-coated enclosure. Relay output, -50C to 2300C range. Suitable for temperature, humidity, load cell indication.",9550,,Process Indicators,Jumbo Displays,Swastik,PI-4042-2,PI-4042-2,50,4.5,false,,Immediate,jumbo display; process indicator; wall mount; swastik; 4 inch,https://5.imimg.com/data5/SELLER/Default/2026/5/609604721/GD/VF/NO/2349477/jumbo-process-indicator-500x500.png,Input Type: 4-20 mA | Display Size: 4 inch | Display Type: Digital | Supply Voltage: 230 VAC | Output Type: Relay | Size: 12.5x12.5x5 inches | Material: Swat Metal with powder coating | Temp Range: -50 C to 2300 C | Mounting: Wall mounting
Jumbo Display Indicator PI-4042,"4-inch height red seven segment jumbo display with 2-inch single display. TC/RTD, proximity/photocell, or 4-20mA/0-10VDC input. Sheet metal fabricated powder-coated enclosure.",6732,,Process Indicators,Jumbo Displays,Swastik,PI-4042,PI-4042,50,4.5,false,,Immediate,jumbo display; indicator; wall mount; swastik; seven segment,https://5.imimg.com/data5/SELLER/Default/2021/10/KB/XF/AX/2349477/jumbo-display-indicator-500x500.jpeg,"Display: 4 inch height, Red Seven Segment (5D 2 inch single display) | Power Supply: 230 VAC, 50 Hz | Accuracy: +/- 0.5% of FSD | Sensor: TC/RTD, or Proximity/Photocell, or 4-20mA/0-10 VDC | Size: 430x230x90 mm | Enclosure: Sheet Metal Fabricated Powder coated | Mounting: Wall Mounted | Alarm Output: 2"
Jumbo Display Indicator PI-2051,"PID/On-Off jumbo temperature controller with 2-inch display. Thermocouple input, -50 to 2300C range. Sheet metal powder-coated body. Weight/load/temperature/process indication.",6587,,Process Indicators,Jumbo Displays,Swastik,PI-2051,PI-2051,50,4.5,false,,Immediate,jumbo display; temperature controller; pid; swastik; 2 inch,https://5.imimg.com/data5/SELLER/Default/2021/10/XZ/AB/NQ/2349477/jumbo-pid-on-off-temperature-controller-and-indicator-500x500.jpeg,Control Type: PID/On-Off | Input Type: Thermocouple | Temperature Range: -50 to 2300 C | Display Type: Jumbo Display 2 inch | Voltage: 100-240 VAC | Frequency: 50/60 Hz | Material: Sheet metal with powder coating | Input: 4-20 mA | Alarm Output: 2
Three Phase Digital Energy Meter EM-96,"CT operated digital energy meter with kWh/kVArh function. 3x230/400V rating, 5A CT. 96x96 panel mount design. Perfect for industrial panel making systems.",1713,,Panel Meters,Energy Meters,Swastik,EM-96,EM-96,50,4.5,false,,Immediate,energy meter; kwh; three phase; swastik; ct operated; panel mount,https://5.imimg.com/data5/SELLER/Default/2026/5/607114871/OX/BF/WB/2349477/three-phase-digital-energy-meter-500x500.png,Meter Type: CT Operated | Current Rating: 5A CT | Function Type: kWh kVArh | Voltage Rating: 3x230/400 V | Screen Size: 96x96 | Operating Temperature: 60 C | Mounting Type: Panel Mount | Type: Digital
Digital Power Meter PM-96,LED display digital power meter for industrial applications. 96x96 ABS plastic body. Measures power parameters for panel monitoring and energy management.,1800,,Panel Meters,Power Meters,Swastik,PM-96,PM-96,50,4.5,false,,Immediate,power meter; digital; swastik; led; panel mount,https://5.imimg.com/data5/SELLER/Default/2023/4/299640182/DD/UA/QH/2349477/digital-power-meter-500x500.JPG,Display Size: 96x96 | Display Type: LED | Material: ABS Plastic Body | Usage/Application: Industrial | Country of Origin: Made in India
Swastik MFM Meter MFM-96,"True multi-function meter combining energy meter, KW meter, and power meter in one unit. 96x96 LED display, 285V AC. Ideal for comprehensive electrical parameter monitoring.",2749,,Panel Meters,Multi-Function Meters,Swastik,MFM-96,MFM-96,50,4.5,false,,Immediate,multi function meter; mfm; energy meter; power meter; swastik,https://5.imimg.com/data5/SELLER/Default/2026/5/609601477/DA/PN/WN/2349477/swastik-mfm-meter-500x500.png,Dimension: 96x96 | Type: Multi Function Meter | Voltage: 285 V AC | Display Type: LED | Usage/Application: Industrial
Digital AVF Meter AVF-961,"Ampere-Volt-Frequency meter with 3-phase measurement. CT ratio selectable up to 999A AC. True RMS indication with P-P, P-N display. Adjustable scroll time.",1677,,Panel Meters,AVF Meters,Swastik,AVF-961,AVF-961,50,4.5,false,,Immediate,avf meter; ampere; volt; frequency; swastik; three phase,https://5.imimg.com/data5/SELLER/Default/2026/5/607162228/BB/BC/FL/2349477/digital-avf-meter-500x500.png,"Phase: 3 | Input: CT Ratio Selectable up to 999 A AC | Accuracy: 0.5% | Display: 3 digit True RMS indication | Indication: P-P, P-N display | Scan Time: Different Display Scroll time adjustable | Supply: 230 VAC | Size: 96x96 | Enclosure: Plastic"
Digital Panel AC Ampere Meter DPM-961,"4-digit single display AC ampere meter. Input range 0-1000/5A CT selectable. Measures 20-650VAC, 5A/20A AC. Available in 48x48, 48x96, 72x72, 96x96 sizes.",1000,,Panel Meters,Ampere Meters,Swastik,DPM-961,DPM-961,50,4.5,false,,Immediate,ampere meter; ac; digital; panel meter; swastik,https://5.imimg.com/data5/SELLER/Default/2023/4/298331794/VB/MR/FV/2349477/digital-panel-ac-ampere-meter-500x500.JPG,"Display: 4 digit single display | Input AC Volt: 20 VAC to 650 VAC | Input AC Amp: 5A AC / 20A AC Direct | Input DC Amp: 75 mV DC / Shunt | Input DC Volt: 1 VDC to 650 VDC | Accuracy: +0.7% | Power Supply: 230 VAC +/-10%, 50 Hz | Size: 48x48/48x96/72x72/96x96"
Three Phase Volt Meter DPM-961-V-3P,3-phase 4-wire digital volt meter with bright 3-digit 3-row LED display. 0-500V range. 96x96 mm panel mount for industrial panel and motor control applications.,1098,,Panel Meters,Volt Meters,Swastik,DPM-961-V-3P,DPM-961-V-3P,50,4.5,false,,Immediate,volt meter; three phase; digital; swastik; panel mount,https://5.imimg.com/data5/SELLER/Default/2023/4/298031676/CC/EL/EQ/2349477/three-phase-volt-meter-500x500.JPG,"Display Type: Digital bright 3 Digit 3 Row LED display | Voltage Range: 0-500 V | Phase: 3 phase, 4 wire | Dimension: 96x96 mm | Power Supply: 230 V AC | Voltage: 415 V AC phase to phase / single phase | Cutout Size: 96x96 mm | Display Color: Red"
Digital Panel DC Volt Meter DPM-491-V-DC,4-digit single display DC voltmeter with programmable range 0-500.0V DC. +/-0.5% accuracy. Compact 48x96 size for industrial DC voltage monitoring.,687,,Panel Meters,Volt Meters,Swastik,DPM-491-V-DC,DPM-491-V-DC,50,4.5,false,,Immediate,dc voltmeter; digital; panel meter; swastik; 48x96,https://5.imimg.com/data5/SELLER/Default/2023/4/299340486/AK/TO/YQ/2349477/digital-panel-dc-volt-meter-500x500.JPG,Display: 4 Digit Single Display | Programmable Range: 0-500.0 V DC | Accuracy: +0.5% | Aux Supply: 230 VAC | Size: 48x96 | Display Type: RED Single display
Digital Panel Voltmeter DPM-721-V-AC,"Low operational cost AC voltmeter with accurate measurements. 4-digit single display, 0-500.0VAC range. User-friendly interface for industrial voltage monitoring.",648,,Panel Meters,Volt Meters,Swastik,DPM-721-V-AC,DPM-721-V-AC,50,4.5,false,,Immediate,ac voltmeter; digital; panel meter; swastik; low cost,https://5.imimg.com/data5/SELLER/Default/2022/9/DJ/SG/LK/2349477/digital-panel-meter-ac-volt-meter-500x500.jpeg,Display Type: 4 digit single display (LCD) | Range: 0-500.0 VAC | Accuracy: +0.5% | Aux Supply: 230 VAC | Phase: Single phase | Size: 48x96
Swastik AVF Meter 4 Digit AVF-961-4D,"4-digit bright LED AVF meter measuring voltage, frequency, current, load hour, and RPM. Programmable CT ratio. Three-phase panel mount for electrical industries.",1000,,Panel Meters,AVF Meters,Swastik,AVF-961-4D,AVF-961-4D,50,4.5,false,,Immediate,avf meter; 4 digit; voltage; current; frequency; swastik,https://5.imimg.com/data5/SELLER/Default/2026/5/607516375/GT/NY/UO/2349477/swastik-avf-meter-4-digit-500x500.png,"Phase: Three Phase | Input Voltage: 230 V AC | Digit Display: 4 Digit | Features: Voltage, current, Load hour, CT ratio, RPM | Operating Temperature: 50 C | AC Voltage: 230 V AC | Mounting Type: Panel Mount"
GT8-D PID/On-Off Temperature Controller,"GT8 series dual display temperature controller with PID mode for both heating and cooling. 72x72 mm size, RTD/current/voltage/thermocouple input. Avoids temperature fluctuation with intelligent PID cooling control.",1728,,Temperature Controllers,PID Controllers,Cautoni-Swastik,GT8-D,GT8-D,50,4.5,false,,Immediate,pid; temperature controller; on-off; dual display; swastik; gt8,/techedgemarket_ecommerce/products/swastik/gt8-d-pid-on-off-temp-1.webp,"Control Type: PID/On-Off | Size: 72x72 mm | Input Type: RTD, Current (mA), Voltage (mV), Thermocouple | Control Output: Relay/SSR | Accuracy: +/- 0.5% FS | Resolution: 0.1 C or 1 C | Display: 4 Digit/7 Segment | Voltage: 180-240 V | Frequency: 50/60 Hz"
GR-818-A PID Temperature Controller with Current Measure,"Advanced PID controller with running current measurement up to 100A. 4-digit dual display, RS-485 Modbus communication. High/low/high-low alarm on heater current. Knob setting, 300ms sampling.",5128,,Temperature Controllers,PID Controllers,Cautoni-Swastik,GR-818-A,GR818-AT-122,50,4.5,false,,Immediate,pid; temperature controller; current measure; rs485; modbus; swastik,/techedgemarket_ecommerce/products/swastik/gr818-a-pid-current-1.webp,"Display: 4 Digit Dual display | Sensor: T/C: K,E,J,S,B,N,R,T / RTD: PT-100-3w | Output: 2/3 Relay output | Current Measure Range: Up to 100 amp AC | Communication: RS-485 / Modbus protocol | Sampling Type: 300 ms | Control Action: PID / Two-way PID / On-Off | Keyboard: Knob Setting | Range: -50.0 C to 199.9 C / 0-1600 C | Size: 96x96 / 72x72 / 48x48 / 48x96 mm | Supply: 85-265 VAC"
GR818F Series Thyristor Power Control with PID,"Single/three phase thyristor output power controller with PID. Phase angle output, star/delta connection. Soft start function, RS-485 Modbus. 10 programs with 12 steps for profile control.",6671,,Temperature Controllers,Thyristor Controllers,Cautoni-Swastik,GR818F,GR818F-Series,50,4.5,true,Premium,Immediate,thyristor; power controller; pid; three phase; profile control; swastik,/techedgemarket_ecommerce/products/swastik/gr818f-thyristor-pid-1.webp,"Control Type: PID | Size: 96x96 mm | Current: 1000A | Pole Type: Single phase / 3 Phase | Voltage: 85-265 VAC | Display: 4 Digit/7 Segment | Temperature Range: -200 to 2300 C | Connection: STAR with/without Neutral / DELTA | Output: Phase Angle, Single/Three phase thyristor | Communication: RS-485 Modbus | Profile Control: 10 Programs with 12 STEP"
AK6-AKL-800 ARC Extinction PID Controller,"ARC technology PID controller designed for food machines, packaging machines, and heat press machines. High performance with direct load up to 2000W. 72x72 mm, RTD/thermocouple input.",1996,,Temperature Controllers,PID Controllers,Cautoni-Swastik,AK6-AKL-800,AK6-AKL-800,50,4.5,false,,Immediate,pid; arc extinction; temperature controller; packaging; swastik,/techedgemarket_ecommerce/products/swastik/ak6-akl-800-arc-1.webp,"Control Type: PID/On-Off | Model: AK6-AKL-800 ARC Extinction | Size: 72x72 mm | Input Type: RTD, Thermocouple | Control Output: Relay | Accuracy: +/- 0.5% FS | Resolution: 1 C | Display: 4 Digit/7 Segment | Voltage: 230 VAC | Direct Load: Up to 2000W"
AK6-A Smart PID/On-Off Temperature Controller,Smart range temperature controller with 6-digit dual display (white/red). Relay & SSR output. -200 to 2300C range. CE certified. 48x48 mm compact size.,1510,,Temperature Controllers,PID Controllers,Cautoni-Swastik,AK6-A,AK6-AKL-200,50,4.5,false,,Immediate,pid; smart; temperature controller; dual display; ce; swastik,/techedgemarket_ecommerce/products/swastik/ak6-a-smart-pid-1.webp,"Control Type: PID/On-Off | Size: 48x48 mm | Input Type: RTD, Thermocouple | Control Output: Relay/SSR | Certifications: CE | Accuracy: +/- 0.5% FS | Resolution: 1 C / 0.1 C | Display: 6 Digit Dual Display | Voltage: 90-270 VAC/DC | Temperature Range: -200 to 2300 C | Humidity: 35-85%"
GT8-A PID Temperature Controller,"GT8 series PID temperature controller with 4-digit dual display (upper red, lower green). Two-way PID action for heating and cooling. SMPS supply, CE/ISO certified. 48x48 mm.",1728,,Temperature Controllers,PID Controllers,Cautoni-Swastik,GT8-A,GT8-Series,50,4.5,false,,Immediate,pid; temperature controller; dual display; two way; swastik; gt8,/techedgemarket_ecommerce/products/swastik/gt8-a-pid-temp-1.webp,"Control Type: On/Off | Display Size: 48x48 mm | Output: Relay | Sensor Input: RTD | Resolution: 0.1 C or 1 C | Voltage: 220-240 V | Accuracy: +/- 0.5% FS | Display: 4 Digit Dual (Upper-4D Red, Lower-4D Green) | Action: Two way PID controller | Certifications: CE, ISO | Power Supply: SMPS"
AK3-A PID/On-Off Temperature Controller,"Economic range single display PID controller. J/K/E/RTD input, relay or SSR output. PID or On-Off selectable. 48x48 mm, available in all standard sizes. 180-240V AC supply.",1333,,Temperature Controllers,PID Controllers,Cautoni-Swastik,AK3-A,AK3-Series,50,4.5,false,,Immediate,pid; economic; temperature controller; single display; swastik,/techedgemarket_ecommerce/products/swastik/ak3-a-pid-onoff-1.webp,"Control Type: PID/On-Off | Size: 48x48 mm | Input Type: Thermocouple, RTD | Control Output: Relay/SSR | Certifications: CE | Resolution: 1 C | Voltage: 230 VAC | Accuracy: 0.5% of Full Scale | Temperature Range: -200 to 2300 C | Display: 4 Digit Single Display | Action: PID or On-Off selectable"
AK6-800 ARC Extinction Digital PID Controller,"ARC technology PID controller specially designed for packaging industry. Dual display with 8A relay output. Direct heater load up to 2000W. K,E,J,N/PT-100 sensor input.",1996,,Temperature Controllers,PID Controllers,Cautoni-Swastik,AK6-800,AK6-DKL-800,50,4.5,false,,Immediate,pid; arc; packaging; temperature controller; dual display; swastik,/techedgemarket_ecommerce/products/swastik/ak6-800-digital-pid-1.webp,"Model: AK6-800 | Size: 48x48 mm | Input Type: Thermocouple, RTD | Control Output: Relay (8A) | Certifications: ISO | Control Type: PID | Accuracy: +/- 0.5% FS | Resolution: 1 C | Voltage: 230 VAC | Sensor Input: K,E,J,N / PT-100 | Display: Dual Display | Direct Load: Up to 2000W"
GT8-E PID/On-Off Temperature Controller,GT8 series 96x96 mm temperature controller with 3 relay outputs. RS485 communication. PID control for both heating and cooling. Thermocouple/current/voltage/RTD input.,1728,,Temperature Controllers,PID Controllers,Cautoni-Swastik,GT8-E,GT8-E,50,4.5,false,,Immediate,pid; temperature controller; rs485; 3 output; swastik; gt8,/techedgemarket_ecommerce/products/swastik/gt8-e-pid-onoff-1.webp,"Control Type: On-Off | Supply Voltage: 100-240 VAC | Display: 4 Digit/7 Segment | Size: 96x96 mm | Resolution: 1 C / 0.1 C | Accuracy: +/- 0.5% FS | Control Outputs: 3 Outputs | Communication: RS485 | Mounting: Panel Mount | Input Type: Thermocouple, Current (mA), Voltage (mV), RTD"
GT8-B PID/On-Off Temperature Controller,GT8 series 48x96 mm PID temperature controller. Current/voltage/RTD/thermocouple input. Relay/SSR output. Intelligent PID cooling control to avoid temperature fluctuation.,1728,,Temperature Controllers,PID Controllers,Cautoni-Swastik,GT8-B,GT8-B,50,4.5,false,,Immediate,pid; temperature controller; 48x96; swastik; gt8,/techedgemarket_ecommerce/products/swastik/gt8-b-pid-onoff-1.webp,"Control Type: PID/On-Off | Size: 48x96 mm | Input Type: Current (mA), Voltage (mV), RTD, Thermocouple | Control Output: Relay/SSR | Accuracy: +/- 0.5% FS | Resolution: 1 C / 0.1 C | Display: 4 Digit/7 Segment | Voltage: 180-240 V | Frequency: 50/60 Hz"
Micro PLC with Display MPC-M8-R8-CS,"Micro PLC with 16/24 DIO, 32-bit processor, dual-line LCD display. Ladder programming via RS-485. 512K flash memory, <0.01us instruction time. DIN rail mount, 24VDC. 1.2KVA opto isolation.",6930,,HMI & PLC,Programmable Logic Controllers,Cautoni-Swastik,MPC-M8-R8-CS,MPC-M8-R8-CS,50,4.5,false,,1-2 days,micro plc; lcd display; ladder; din rail; cautoni; swastik,https://5.imimg.com/data5/SELLER/Default/2023/4/299516314/QL/WY/NM/2349477/micro-plc-with-display-500x500.jpg,"PLC Power: 24 VDC | Communication Port: RS-485 | Output Type: Digital | Programming: Ladder Programming | I/O Points: 16 DIO, 24 DIO | Mounting: DIN Rail | Display: 16x2 LCD Display | Program Memory: 512K Flash Memory | Instruction Time: <0.01 Micro Second | Isolation: 1.2 KVA Opto Isolation | Processor: 32 Bit Micro Processor | Digital Input: 8/12 Point (NPN/PNP) | Digital Output: 8/12 Point (Transistor/Relay) | Analog Input: 2 Point (Temperature/Analog) | Analog Output: 4/8 Point (4-20 mA / 0-10 VDC)"
Process Control Instrument SPC-961,"Process control instrument with 0-10VDC/0-20mA/4-20mA input. 2 relay outputs, 24V DC transmitter supply, 4-20mA re-transmission. IP68 rated, 0.9% FS accuracy.",2350,,Process Indicators,Process Controllers,Swastik,SPC-961,SPC-961,50,4.5,false,,Immediate,process control; instrument; relay; ip68; swastik,https://5.imimg.com/data5/SELLER/Default/2023/4/299591104/AP/OX/LR/2349477/process-control-system-500x500.JPG,"Voltage: 12V DC, 24V DC | IP Rating: IP68 | Input: 0-10VDC / 0-20mA / 4-20mA | Output: Relay / 2 Relay | Input Selectable: Yes | Transmitter Supply: 24V DC | Re-transmission: 4-20 mA | Accuracy: 0.9% FS | Working Environment: -10 to 55 C | Temperature Range: -50 to 150 C"
Profile Temperature Controller GR818P-AT-120,"32-step profile temperature controller with two-way PID. 4-digit dual display (upper red, lower green). RS-485 Modbus, 2-3 relay/analog output. -200 to 2300C range.",5865,,Temperature Controllers,Profile Controllers,Cautoni-Swastik,GR818P-AT-120,GR818P-AT-120,50,4.5,false,,Immediate,profile controller; pid; 32 step; temperature; swastik; cautoni,https://5.imimg.com/data5/AM/JT/MY-2349477/profiler-controller-500x500.jpg,"Model: GR858P | Size: 48x48 mm | Control Type: PID | Input Type: Thermocouple, RTD | Control Output: 2 to 3 Relay / Analog | Accuracy: 0.3% FS | Display: 4 Digit Dual (Upper: 4D Red, Lower: 4D Green) | Voltage: 85-265 VAC | Temperature Range: -200 to 2300 C | Port: RS-485 / Modbus Protocol | Profile Steps: 32 Step | Alarm: x2"
SCR Power Regulator TR-SCR,"Three phase SCR power regulator with phase angle control. 4-20mA input, dual display for input percentage and power limit. Soft start, current limit, manual percentage output. Natural/forced cooling.",33554,,Power Controllers,SCR Controllers,Cautoni-Swastik,TR-SCR,TR-SCR,50,4.5,true,Premium,2 days,scr; power regulator; three phase; phase angle; swastik; cautoni,https://5.imimg.com/data5/SELLER/Default/2026/5/607509392/SW/NM/OP/2349477/scr-power-regulator-500x500.png,Load Voltage: 415 V AC | Phase: Three Phase | Control Method: Phase Angle | Input Signal: 4-20 mA | Digit Display: Dual | Type: Automatic | Max Operating Temperature: <60 C | Min Operating Temperature: 0-55 C | Smooth Control: Yes | Current Control: Yes | Cooling: Natural & Forced Cooling as per load capacity
Thyristor Trigger Modules TRK-1,"Three phase thyristor trigger module with 4-digit single display. Analog input (0-5V, 0-10V, 0-20mA, 4-20mA). No external sync line required. Auto recognizes single/two/three phase output.",5652,,Power Controllers,Thyristor Modules,Cautoni-Swastik,TRK-1,TRK-1,50,4.5,false,,Immediate,thyristor; trigger module; three phase; swastik; cautoni,https://5.imimg.com/data5/SELLER/Default/2024/1/373418175/NG/CE/PH/2349477/thyristor-trigger-modules-500x500.png,"Part Number: TRK | Package/Case: Module | Structure: Three Phase - SCR/Diode | Display: 4 Digit Single Display | Size: 72x87 mm | Input: 0-5V, 1-5V, 0-10V DC, 0-10mA, 0-20mA, 4-20mA | Supply: 180V AC to 240V AC | Ambient Temperature: 0 C to 50 C | Trigger Mode: Strong trigger less than 1000A SCR"
Digital Temperature Controller TC-4821-P,"Economic range TC series double display temperature controller with PID mode. TC/RTD input, relay/SSR output. For ovens, lab equipment, and scientific industry. CE certified.",1303,,Temperature Controllers,PID Controllers,Swastik,TC-4821-P,TC-4821-P,50,4.5,false,,Immediate,temperature controller; pid; dual display; swastik; ce certified,https://5.imimg.com/data5/SELLER/Default/2026/5/607515788/UR/SV/WD/2349477/digital-temperature-controller-500x500.png,"Output Type: Relay + SSR | Input Type: RTD, Thermocouple | Control Type: PID/On-Off | Supply Voltage: 230 VAC | Display Type: Dual Display | Certifications: CE certified | Size: 48x48 mm | Voltage: 230 V AC | Frequency: 50/60 Hz | Usage: Oven, Lab Equipment, Scientific Industry"
PID Temperature Controller AK3-D,"Cautoni Swastik AK3-D economic range PID controller (single display). PID On/Off control, flush mounting, 72x72 mm. RTD/thermocouple input, relay output.",1333,,Temperature Controllers,PID Controllers,Cautoni-Swastik,AK3-D,AK3-D,50,4.5,false,,Immediate,pid; temperature controller; economic; single display; swastik; cautoni,https://5.imimg.com/data5/SELLER/Default/2024/1/373425885/WO/CI/VP/2349477/pid-temperature-controller-500x500.jpg,"Control Type: PID On/Off | Mounting Type: Flush Mounting | Display Size: 72x72 mm | Output type: Relay | Sensor Input: RTD, Thermocouple | Resolution: 1 Degree C | Voltage: 220-240 V | Accuracy: +/- 0.5% FS | Frequency: 50/60 Hz"
PID/On-Off Temperature Controller AK6-B,"Cautoni-Swastik AK6 series smart temperature controller, dual display in white or red colour. Relay & SSR output, 48x96 mm. 90-270VAC/DC supply.",1510,,Temperature Controllers,PID Controllers,Cautoni-Swastik,AK6-B,AK6-B,50,4.5,false,,Immediate,pid; temperature controller; smart; dual display; swastik; cautoni,https://5.imimg.com/data5/SELLER/Default/2026/5/609609001/IE/KR/GN/2349477/pid-on-off-temperature-controller-500x500.png,"Control Type: PID/On-Off | Brand: Cautoni-Swastik | Model No.: AK6-B | Size: 48x96 mm | Input Type: RTD, Thermocouple | Control output Type: Relay/SSR | Accuracy: +/- 0.5% FS | Resolution: 0.1 Degree C or 1 Degree C | Display Type: 4 Digit/7 Segment | Voltage: 90-270 VAC/DC | Frequency: 50/60 Hz"
Digital Temperature Controller Knob Setting STC-9611,"Swastik STC-9611 knob setting controller. On/Off control, 96x96 mm display. Thermocouple/RTD input, relay output. 220-240V supply.",1479,,Temperature Controllers,On-Off Controllers,Swastik,STC-9611,STC-9611,50,4.5,false,,Immediate,temperature controller; knob setting; on-off; swastik; 96x96,https://5.imimg.com/data5/SELLER/Default/2021/10/UT/OP/VZ/2349477/blind-digital-temperature-controller-500x500.jpeg,"Input Type: J Type, RTD, K Type | Size: 96x96 mm | Control Type: On/Off | Display Size: 96x96 mm | Output type: Relay | Sensor Input: Thermocouple, RTD | Voltage: 220-240 V | Accuracy: +/- 1% of FS | Frequency: 50/60 Hz | Color: White"
Digital Temperature Controller Push to Set STC-961,"Push to set temperature controller with PID/On-Off control. 4-digit single display, -50 to 200C range. Non-interrupted functionality, accuracy, enhanced service life.",1230,,Temperature Controllers,PID Controllers,Swastik,STC-961,STC-961,50,4.5,false,,Immediate,temperature controller; push to set; pid; swastik; 48x48,https://5.imimg.com/data5/SELLER/Default/2023/4/300357382/ID/KH/MY/2349477/push-to-set-temperature-controller-500x500.JPG,"Control Type: PID/On-Off | Model No.: STC-961 | Size: 48x48 mm | Input Type: RTD, Thermocouple | Control output Type: Relay | Display Size: 4 Digit single display | Temperature Range: -50 to 200 Degree C | Voltage: 230 VAC | Resolution: 1 C / 0.1 C | Display Type: 4 Digit/7 Segment | Frequency: 50/60 Hz | Material: Metal | Color: Ivory | Accuracy: 0.2%F.S; 0.4%F.S | Response Time: Less than 0.6s | Power consumption: Less than 5 W"
Digital Temperature Controller DTC-961,"Swastik DTC-961 digital temperature controller. On/Off control, relay output. Thermocouple/RTD input. Operational fluency, consistent performance, high efficiency.",1193,,Temperature Controllers,On-Off Controllers,Swastik,DTC-961,DTC-961,50,4.5,false,,Immediate,temperature controller; on-off; digital; swastik; abs plastic,https://5.imimg.com/data5/SELLER/Default/2023/4/298121174/HM/RM/TX/2349477/digital-temperature-controller-500x500.JPG,"Control Type: On/Off | Output type: Relay | Sensor Input: Thermocouple, RTD | Voltage: 220-240 V | Accuracy: +/- 0.5% FS | Frequency: 50/60 Hz | Material: ABS Plastic Body"
PID Temperature Controller GT8,"Universal temperature controller with PID/On-Off control. 4+4 digit display, 48x48 mm flush mounting. T/C: K,E,J,S,B,N,R,T and RTD: PT-100/3wire input. 0.5% FS accuracy.",1766,,Temperature Controllers,PID Controllers,Cautoni-Swastik,GT8,GT8,50,4.5,false,,2-3 days,pid; temperature controller; universal; swastik; cautoni; 48x48,https://5.imimg.com/data5/SELLER/Default/2024/8/441913732/KU/AB/HV/2349477/pid-temperature-controller-manufacturer-in-india-500x500.jpg,"Control Type: PID On/Off | Application Area: For Oven/Furnace | No of Digits: 4+4 | Mounting Type: Flush Mounting | Display Size: 48x48 mm | Output Type: Analog | Sensor Input: RTD, Thermocouple | Voltage: 220-240 V | Weight: 300 gms | Dimension: 48x48x76 | Accuracy: 0.5% of FS | Control Action: PID / TWO WAY PID / ON-OFF"
Temperature Scanner 8 Channel SCN-1908,"8-channel temperature scanner with dual seven segment red display. J/K/RTD sensor input, 0.1% accuracy. Optional relay/RS-232/RS-485/printer output. Metallic enclosure, 96x192 mm.",6183,,Temperature Scanners,Multi-Channel Scanners,Swastik,SCN-1908,SCN-1908,50,4.5,false,,Immediate,temperature scanner; 8 channel; digital; swastik; modbus,https://5.imimg.com/data5/SELLER/Default/2026/5/609605732/YG/WJ/NR/2349477/temperature-scanner-8-channel-500x500.png,"Number of Channels: 8 | Type: 4/6/8 Channel Scanner | Display Type: Digital (Dual, Seven Segment Red) | Input Type: Thermocouple (J/K/RTD) | Usage/Application: Oven/Heater Industry | Output Type: Relay Alarm | Material: Metal Body | Color: Black | Size: 96x192 | Facility: Modbus Communication | Accuracy: 0.1% | Resolution: 2 C for thermocouple, 0.1 C for RTD | Supply: 230 VAC | Enclosure: Metallic"
Digital Temperature Scanner SCN-968,"Digital temperature scanner with 2 relay high/low alarm output. Optional RS-485 communication. Black metallic body, 96x96 mm size. For oven/heater industry applications.",6319,,Temperature Scanners,Multi-Channel Scanners,Swastik,SCN-968,SCN-968,50,4.5,false,,Immediate,temperature scanner; digital; swastik; rs485; alarm,https://5.imimg.com/data5/SELLER/Default/2024/1/373426773/WR/OF/RR/2349477/digital-temperature-scanner-500x500.jpg,Display Type: Digital | Condition: New | Color: Black | Size: 96x96 | Output: 2 Relay (High/Low Alarm) | Optional: RS-485 Communication
Digital Process Indicator PIC-481,"4-digit single display process indicator with 4-20mA/0-20mA/0-10VDC input. Selectable resolution, -1999 to 9999 range. 24V DC transmitter supply. Available in all standard sizes.",1097,,Process Indicators,Digital Indicators,Swastik,PIC-481,PIC-481,50,4.5,false,,Immediate,process indicator; digital; 4-20ma; swastik; panel meter,https://5.imimg.com/data5/SELLER/Default/2023/4/298046762/ZT/IM/ZO/2349477/digital-process-indicator-500x500.JPG,"Display Type: Digital 4 Digit Single Display | Range: -1999 to 9999 selectable | Sensor: 0-10V DC, 4-20mA, 0-20mA | Supply: 24V DC Transmitter Supply | Accuracy: 0.01% | Resolution: Adjustable | Size: 48x48 / 48x96 / 72x72 / 96x96 mm | Enclosure: Plastic"
